k;j3;j4;p2;p3;p4;s1;s2;s3;s4;t2;t3;t4;ti2;ti3;ti4;tr1;tr2
1;22.4455;32.5033;0.281814;1.23472;71.4568;17.0869;17.3097;12.1569;6.69426;0.060511;1.38773;54.1383;0.796965;25.3289;286.101;0.0422846;0.196867;
10;29.7083;48.5087;0.54978;2.61835;41.5206;17.0869;25.8241;13.3897;8.85997;0.12206;2.55977;92.4867;0.861417;31.413;353.663;0.0609835;0.220558;
100;30.6091;51.8377;0.564285;2.62087;37.5851;17.0869;20.1345;13.713;7.5628;0.216873;3.38713;71.8968;0.67986;40.0228;352.159;0.0479951;0.221129;
1000;32.8791;54.6174;0.558119;3.15095;43.7368;17.0869;22.8457;18.3259;5.76569;0.237122;3.61665;75.1333;1.17567;38.3831;422.459;0.0683638;0.284766;
