k;j3;j4;p2;p3;p4;s1;s2;s3;s4;t2;t3;t4;ti2;ti3;ti4;tr1;tr2
1;0.864634;0.0673678;0.00024104;0.0334634;0.011122;18.5167;