k;j3;j4;p2;p3;p4;s1;s2;s3;s4;t2;t3;t4;ti2;ti3;ti4;tr1;tr2
1;4.2764;1.05641;0.239166;0.515745;15.822;0.017073;0.067613;5.85559;33.468;0.646447;27.8171;
10;4.33392;1.05332;0.246476;0.532977;29.3213;0.018124;0.064313;5.73729;33.5692;0.562375;28.3017;
100;4.44958;1.16203;0.244446;0.535571;30.0217;0.01925;0.0770915;7.94148;34.6563;0.637992;30.9819;
1000;5.68547;1.66492;0.297142;0.701883;30.2472;0.025148;0.108767;24.6255;35.5396;0.766247;55.4282;
