k;j3;j4;p2;p3;p4;s1;s2;s3;s4;t2;t3;t4;ti2;ti3;ti4;tr1;tr2
1;4.71814;1.08731;0.272792;0.569779;16.1321;0.020722;0.0821153;6.30154;34.7644;0.614306;31.2471;
10;4.77582;1.0835;0.264155;0.538545;31.8307;0.019249;0.0698942;6.20604;34.4969;0.603346;31.1819;
100;4.96707;1.22514;0.269063;0.559805;31.8526;0.019476;0.077952;8.58187;34.4308;0.692418;33.9418;
1000;6.06894;1.65462;0.292379;0.689764;32.1823;0.023848;0.110308;25.7747;36.0924;0.844299;59.3197;
