k;j3;j4;p2;p3;p4;s1;s2;s3;s4;t2;t3;t4;ti2;ti3;ti4;tr1;tr2
1;3.69248;26.8036;0.126777;0.392648;11.38;0.0660273;3.64796;2.52968;0.811031;0.0227412;0.348978;25.4093;0.109138;6.58292;118.487659;0.0113617;0.0482333
10;5.50547;33.5551;0.139487;0.530236;18.5536;0.0859621;5.67598;3.90118;1.41012;0.0275281;0.496855;41.214;0.114394;8.11306;224.351045;0.0157071;0.0645405
100;6.01711;35.9665;0.157091;0.591714;20.9889;0.0983941;6.03077;4.04014;1.39454;0.042991;0.637254;82.6858;0.142369;10.5746;244.576136;0.0161938;0.0652352
1000;6.32182;50.9331;0.163927;0.625653;21.3223;0.096807;5.75398;4.01449;1.40742;0.048762;0.976132;86.6655;0.195914;19.6844;775.655;0.0166691;0.0674408
k;ti4
1;117.58;
10;223.032;
100;243.571;
1000;259.005;
