k;j3;j4;p2;p3;p4;s1;s2;s3;s4;t2;t3;t4;ti2;ti3;ti4;tr1;tr2
1;3.638121;26.543376;0.121255;0.390936;11.204107;0.065362;3.604407;2.506321;0.800028;0.022760;0.343925;25.153422;0.107271;6.451437;117.095154;0.011307;0.048551;
10;5.540002;33.489905;0.140222;0.534033;18.700720;0.085385;5.551338;3.842052;1.374225;0.027820;0.495855;40.863293;0.114399;8.017513;222.862213;0.015320;0.063350;
100;5.878863;35.547336;0.155606;0.589023;20.790626;0.094342;5.650283;3.894841;1.371696;0.042624;0.610233;76.066803;0.141966;10.450584;244.582624;0.016215;0.064781;
1000;6.250506;50.981452;0.163237;0.625279;21.052117;0.094776;5.669644;3.891763;1.368634;0.047693;0.963393;85.271476;0.194485;19.658826;259.088431;0.016210;0.067454;
