k;j3;j4;p2;p3;p4;s1;s2;s3;s4;t2;t3;t4;ti2;ti3;ti4;tr1;tr2
1;3.37004;25.049;0.108551;0.360621;10.445;0.0611861;3.34602;2.31132;0.744281;0.0208626;0.318716;23.7347;0.0964391;5.88584;125.817;0.0103902;0.0447645;
10;5.20138;31.3503;0.125778;0.491108;17.125;0.0799372;5.2457;3.60735;1.28368;0.0254913;0.475567;38.5124;0.102354;7.33045;239.474;0.0140743;0.0585754;
100;5.41462;33.381;0.139252;0.541457;19.455;0.0879545;5.3054;3.59303;1.27314;0.0387474;0.564897;70.976;0.127589;9.55292;274.41;0.014949;0.0604047;
1000;5.76097;47.5895;0.14639;0.572423;19.4917;0.0882134;5.28743;3.57312;1.27421;0.043717;0.901549;80.2152;0.190872;18.0586;265.357;0.015363;0.0648494;
