k;j3;j4;p2;p3;p4;s1;s2;s3;s4;t2;t3;t4;ti2;ti3;ti4;tr1;tr2
1;0.0178678;0.107749;0.000892188;0.054389;0.352055;0.00026;0.0006855;0.001274;0.028947;0.00165367;2.68777
10;0.019243;0.114633;0.00158613;0.082936;23.2187;0.000338;0.001552;0.004844;0.385162;0.002222;3.13529
100;0.0534996;0.134102;0.00632738;0.0845225;22.8896;0.000698;0.0118332;0.096559;5.49004;0.010489;15.6957
1000;0.542082;0.428977;0.0425719;0.174245;22.9954;0.005441;0.0286813;18.8914;15.402;0.135732;25.1959
