k;j3;j4;p2;p3;p4;s1;s2;s3;s4;t2;t3;t4;ti2;ti3;ti4;tr1;tr2
1;0.048888;1.117227;0.000909;0.009742;0.389485;0.002162;0.054270;0.013548;0.039615;0.005863;0.008470;0.013925;0.000871;0.050743;0.102832;0.000610;0.003386;
10;0.085268;2.050649;0.024858;0.038661;0.809396;0.005257;0.074197;0.026933;0.116632;0.001453;0.023909;0.061542;0.002496;0.103186;0.136819;0.005957;0.004213;
100;0.100623;2.496393;0.007060;0.095524;1.425394;0.007588;0.081514;0.083136;0.088549;0.004217;0.035347;0.062837;0.006013;0.173976;0.136675;0.025447;0.004294;
1000;0.134749;3.167293;0.009065;0.047345;1.446185;0.006569;0.082357;0.034407;0.088506;0.005512;0.037892;0.065561;0.013773;0.186662;0.135892;0.001658;0.004839;
