k;j3;j4;p2;p3;p4;s1;s2;s3;s4;t2;t3;t4;ti2;ti3;ti4;tr1;tr2
1;0.234923;1.140383;0.000902;0.009728;0.375260;0.001810;0.093007;0.150442;0.025257;0.000438;0.008159;inf;0.000838;0.196469;26.702646;0.000623;0.001345;
10;0.358422;2.075830;0.005427;0.036802;0.779743;0.004776;0.330888;0.232174;0.088260;0.000955;0.023519;inf;0.002495;0.282056;26.638171;0.001486;0.004237;
100;0.412926;2.548862;0.007008;0.044597;1.365752;0.006519;0.340309;0.238808;0.088001;0.004112;0.035740;inf;0.005917;0.617773;26.783680;0.001641;0.004336;
1000;0.445202;3.156619;0.008925;0.047140;1.397839;0.006499;0.338783;0.240053;0.088283;0.005516;0.078766;inf;0.013868;1.578391;26.621005;0.001741;0.005031;
