k;j3;j4;p2;p3;p4;s1;s2;s3;s4;t2;t3;t4;ti2;ti3;tr1;tr2
1;;;;;;;;;;;;;;;;;
10;;;;;;;;;;;;;;;;;
100;;;;;;;;;;;;;;;;;
1000;;;;;;;;;;;;;;;;;
k;j3;j4;p2;p3;p4;s1;s2;s3;s4;t2;t3;t4;ti2;ti3;tr1;tr2
1;0.314523;1.65027;0.0009369;0.0124754;0.559004;0.00213404;0.126791;0.20333;0.034584;0.00022452;0.0101046;10.1703;0.00085692;0.274926;0.00037536;0.00126866;
10;0.477132;3.07502;0.00692698;0.049988;