k;j3;j4;p2;p3;p4;s1;s2;s3;s4;t2;t3;t4;ti2;ti3;ti4;tr1;tr2
1;0.222298;1.10113;0.0008238;0.00934636;0.365405;0.0017298;0.0911223;0.146871;0.0247742;0.00039132;0.00784798;0.59754979;0.0007735;0.187216;7.09213091;0.000549;0.00126916
10;0.340295;1.99874;0.00527292;0.03567;0.761665;0.00463802;0.323589;0.231186;0.0863809;0.00088792;0.0225255;1.1037966;0.00236882;0.269213;14.6474386;0.0013991;0.00408908
100;0.392995;2.46504;0.00681396;0.0430586;1.33273;0.00633158;0.330499;0.233241;0.0871326;0.00396704;0.034088;4.55294468;0.00572252;0.591689;16.3084432;0.00154438;0.00423908
1000;0.423903;3.02692;0.0087491;0.0455389;1.35826;0.0063725;0.332324;0.235408;0.08752;0.00532668;0.0750948;5.43907234;0.0133436;1.49702;18.3183477;0.00157902;0.00472216
