k;j3;j4;p2;p3;p4;s1;s2;s3;s4;t2;t3;t4;ti2;ti3;ti4;tr1;tr2
1;0.0033652;0.00326433;8.76875e-05;0.0050295;0.0652527;;;6e-05;;0.000119167;9.2e-05;0.0001095;0.000503;0.749194;;;;
10;0.0038264;0.003909;0.000248812;0.0143908;4.31501;;;0.000113;;0.000416167;0.00035;0.000801;0.00181917;0.927595;;;;
100;