k;j3;j4;p2;p3;p4;s1;s2;s3;s4;t2;t3;t4;ti2;ti3;ti4;tr1;tr2
1;0.5109;2.99326;0.035754;0.0506028;1.35555;0.00619474;0.324184;0.229265;0.0851058;0.0068513;0.0728927;5.66363404;0.03835;2.11488;27.8085378;0.0017217;0.00489966
10;0.5109;2.99326;0.035754;0.0506028;1.35555;0.00619474;0.324184;0.229265;0.0851058;0.0068513;0.0728927;5.66363404;0.03835;2.11488;27.8085378;0.0017217;0.00489966
100;0.5109;2.99326;0.035754;0.0506028;1.35555;0.00619474;0.324184;0.229265;0.0851058;0.0068513;0.0728927;5.66363404;0.03835;2.11488;27.8085378;0.0017217;0.00489966
1000;0.5109;2.99326;0.035754;0.0506028;1.35555;0.00619474;0.324184;0.229265;0.0851058;0.0068513;0.0728927;5.66363404;0.03835;2.11488;27.8085378;0.0017217;0.00489966