k;j3;j4;p2;p3;p4;s1;s2;s3;s4;t2;t3;t4;ti2;ti3;ti4;tr1;tr2
1;7.055543;50.976454;0.074492;0.644998;17.731709;0.105437;6.290999;3.587686;1.843122;0.020081;0.421287;50.807799;0.031985;8.063639;231.477416;0.019739;0.081735
10;7.488175;58.695777;0.107337;0.797675;20.639789;0.146669;7.735891;5.195900;1.905265;0.038035;0.737602;82.166283;0.068952;11.948935;302.625087;0.025973;0.092195
100;7.748143;62.286555;0.135898;0.869452;27.598642;0.149504;7.741000;5.219132;1.904360;0.055724;0.911554;101.214335;0.126955;18.202646;315.090767;0.026853;0.097016
1000;7.799940;66.220149;0.176178;0.868720;27.773649;0.147713;7.713021;5.192575;2.101343;0.066956;1.196366;103.492495;0.195464;21.760090;322.286722;0.026590;0.158068
