k;j3;j4;p2;p3;p4;s1;s2;s3;s4;t2;t3;t4;ti2;ti3;ti4;tr1;tr2
1;6.438233;55.303204;0.096172;0.824701;20.905738;0.140117;7.475827;5.080724;1.902082;0.022976;0.399142;69.875385;0.045665;8.329815;244.074327;0.023254;0.089030;
10;6.937225;53.931951;0.117234;0.808046;24.585469;0.149001;7.763278;5.177740;1.917832;0.041654;0.744846;96.934235;0.082948;12.597913;302.199839;0.026288;0.095304;
100;7.616410;62.625637;0.145421;0.851583;28.004350;0.149622;7.798902;5.227891;1.924604;0.055356;1.033728;104.772507;0.148754;18.908164;311.746650;0.026892;0.098794;
1000;8.036240;66.705705;0.196056;0.882055;27.938092;0.148598;7.761072;5.194548;1.908181;0.065177;1.199623;105.769242;0.226297;21.997682;314.199435;0.026585;0.097840;
