k;j3;j4;p2;p3;p4;s1;s2;s3;s4;t2;t3;t4;ti2;ti3;ti4;tr1;tr2
1;6.19791;50.1646;0.0802837;0.706259;20.0784;0.137801;7.32489;5.02946;1.87655;0.0228328;0.392911;191.008;0.0454447;8.23517;320.483;0.0233049;0.0886542
10;6.82888;54.0554;0.115924;0.807237;24.5311;0.149015;7.74876;5.20109;1.90887;0.0409001;0.737874;210.029;0.0888352;12.5521;378.751;0.0262405;0.0951129
100;7.52212;64.4806;0.143301;0.851052;27.7955;0.148049;7.70656;5.18331;1.90411;0.0542336;1.03059;216.505;0.142904;18.8577;390.22;0.0267435;0.0986189
1000;7.93344;66.3654;0.193151;0.886023;27.787;0.148106;7.72151;5.17414;1.90327;0.0646166;1.19826;218.83;0.222061;22.1509;408.458;0.0267287;0.0990273
