k;j3;j4;p2;p3;p4;s1;s2;s3;s4;t2;t3;t4;ti2;ti3;ti4;tr1;tr2
1;254.339;1561.17;12.8537;26.4818;769.942;0.0027534;148.973;116.153;43.8367;1.90833;34.4717;