k;j3;j4;p2;p3;p4;s1;s2;s3;s4;t2;t3;t4;ti2;ti3;ti4;tr1;tr2
1;6.16908;45.6961;0.0186023;0.4477;12.2971;0.0027534;4.84829;6.31943;0.921793;0.00787926;0.181121;114.184;0.0150108;5.11831;193.078;0.011468;0.0461147;
10;10.5062;78.6069;0.128915;1.21633;29.2322;0.0027534;13.7982;8.80225;3.44573;0.0272353;0.816081;134.068;0.0543916;8.88603;591.729;0.0371815;0.1514;
100;13.6929;103.683;0.190201;1.47591;51.3372;0.0027534;14.2813;9.01103;3.46386;0.0958767;1.21015;202.454;0.135491;16.7543;747.738;0.0423607;0.155618;
1000;14.5681;130.2;0.234833;1.57553;52.3967;0.0027534;14.3518;9.07822;3.46258;0.113336;2.60467;221.649;0.336112;42.8874;690.278;0.0437668;0.173467;
