k;j3;j4;p2;p3;p4;s1;s2;s3;s4;t2;t3;t4;ti2;ti3;ti4;tr1;tr2
1;1.70333;12.5378;0.00538386;0.13334;3.56215;0.0227554;1.52471;1.77343;0.284872;0.00206128;0.0496684;215.443;0.003869;1.47786;145.661;0.00353852;0.0143584;
10;2.8393;21.82;0.0337515;0.346552;8.4195;0.0591326;4.26938;2.74736;1.07388;0.00689556;0.225949;445.576;0.0134337;2.46346;451.211;0.0112868;0.0465491;
100;3.7044;28.2625;0.0499704;0.420246;14.5628;0.0769226;4.40018;2.82394;1.08159;0.0251066;0.336885;461.809;0.0375041;4.82787;476.343;0.0135724;0.0491069;
1000;4.02658;35.7624;0.0651828;0.464733;14.8809;0.0802814;4.43656;2.83133;1.0854;0.0323811;0.743776;465.751;0.0937836;11.9191;