k;j3;j4;p2;p3;p4;s1;s2;s3;s4;t2;t3;t4;ti2;ti3;ti4;tr1;tr2
1;1.829470;13.114658;0.005532;0.138047;3.767731;0.022606;1.622584;1.892238;0.302207;0.002370;0.053237;28.125980;0.004388;1.604446;45.584842;0.003941;0.015551
10;3.085870;22.817527;0.037505;0.372757;8.844225;0.062499;4.497411;2.924900;1.137378;0.007672;0.240072;40.552263;0.014954;2.677869;152.955480;0.012354;0.049887
100;4.010996;29.329148;0.054949;0.452032;15.432019;0.081106;4.623728;3.007031;1.144962;0.027706;0.357642;57.929002;0.037227;5.181382;176.009440;0.014007;0.051398
1000;4.304253;37.365161;0.067973;0.481167;15.742585;0.082480;4.637917;3.007903;1.142799;0.032581;0.775092;62.893449;0.094104;13.162558;192.324698;0.014517;0.057255;
