k;j3;j4;p2;p3;p4;s1;s2;s3;s4;t2;t3;t4;ti2;ti3;ti4;tr1;tr2
1;2.45e-05;3.692e-05;1.49959e-05;1.91e-05;3.326e-05;0.0027534;2.562e-05;2.354e-05;2.616e-05;1.044e-05;2.202e-05;3.67917e-05;1.362e-05;2.496e-05;4.74801e-05;1.222e-05;1.41e-05;
10;10.2171;37.1543;0.0532147;1.48482;13.7626;0.0027534;15.0093;9.21133;4.02394;0.0117998;1.10887;48.2401;0.024022;4.92971;315.069;0.0441243;0.156584;
100;15.7592;37.0686;0.276804;1.77965;35.854;0.0027534;15.5444;11.5718;3.61995;0.0593361;1.41231;51.4515;0.0951092;8.1342;438.335;0.0427113;0.170967;
1000;20.2074;95.4399;0.278547;2.20163;57.2136;0.0027534;15.0185;10.292;4.81765;0.154329;2.01941;123.521;0.275915;38.21;562.728;0.0679942;0.213055;
