k;j3;j4;p2;p3;p4;s1;s2;s3;s4;t2;t3;t4;ti2;ti3;ti4;tr1;tr2
1;37.8478;297.271;1.42223;4.95642;153.628;17.0869;30.635;19.6666;11.1358;0.3233;4.52132;