k;j3;j4;p2;p3;p4;s1;s2;s3;s4;t2;t3;t4;ti2;ti3;ti4;tr1;tr2
1;5.94199;49.7146;0.0684841;0.654993;19.5915;0.119781;6.14731;4.29424;1.72407;0.0201791;0.374885;790.02;0.0406835;8.08147;990.584;0.0177364;0.069481
10;6.53623;53.3413;0.100602;0.749197;23.7786;0.128286;6.53718;4.45269;1.75791;0.0384097;0.732381;833.752;0.0766945;12.6328;1109.84;0.0206456;0.0778493
100;7.25478;60.9516;0.130987;0.810142;27.0447;0.132583;6.54681;4.47905;1.74972;0.0559903;1.04788;838.326;0.155607;18.9653;1156.81;0.0225857;0.0870467
1000;7.68105;65.1325;0.185371;0.885045;27.2131;0.142411;6.55612;4.48885;1.80054;0.0683817;1.24323;838.636;0.244922;22.2074;1212.89;0.0209018;0.0811603
