k;j3;j4;p2;p3;p4;s1;s2;s3;s4;t2;t3;t4;ti2;ti3;ti4;tr1;tr2
1;24.9371;200.581;0.266844;2.52313;75.8027;17.0869;22.9934;15.9749;6.34245;0.0785772;1.46065;2263.42;0.158101;33.5682;