k;j3;j4;p2;p3;p4;s1;s2;s3;s4;t2;t3;t4;ti2;ti3;ti4;tr1;tr2
1;8.17386;2.0738;0.348444;0.695211;19.2499;0.027352;0.155568;19.4862;52.1832;1.39312;81.306
10;8.66859;2.08565;0.343833;0.689045;19.5172;0.027431;0.152497;20.0003;51.4639;1.39116;79.6642
100;8.73506;2.12455;0.342944;0.70343;19.5651;0.028128;0.155083;20.1702;58.3971;1.4697;76.2908
1000;8.13712;2.24219;0.343007;0.693235;19.5456;0.027313;0.152489;20.3101;50.2335;1.38423;75.9641
