k;j3;j4;p2;p3;p4;s1;s2;s3;s4;t2;t3;t4;ti2;ti3;ti4;tr1;tr2
1;20.5005;4.87317;0.981549;1.58718;44.9356;;;0.066623;;0.398417;45.9296;124.393;3.71877;6269.21;;;;
10;20.2623;4.68114;0.965469;1.61673;45.3188;;;0.068105;;0.398637;46.4685;122.861;3.6461;