k;j3;j4;p2;p3;p4;s1;s2;s3;s4;t2;t3;t4;ti2;ti3;ti4;tr1;tr2
1;5.67909;22.669;0.0337535;0.909185;14.987;0.135674;4.53957;0.828583;2.23987;0.00760726;0.704747;3.25839;0.0318082;9.09247;36.248;0.0115126;0.0413765;
10;9.3841;36.8552;0.239312;3.45027;29.2969;0.384603;9.47218;3.92772;7.90051;0.0314516;2.13883;13.5442;0.110762;15.8513;36.1882;0.0463005;0.168219;
100;9.38532;36.5311;0.309888;4.20782;33.3443;0.538183;10.2473;4.49811;7.924;0.178333;3.23134;14.6034;0.272944;21.4642;32.8752;0.0518275;0.168165;
1000;12.5442;40.7387;0.393313;4.42458;38.4095;0.531129;10.2273;4.50017;7.89579;0.237742;3.50652;13.6701;0.631014;24.1204;30.3653;0.053151;0.193854;
