k;j3;j4;p2;p3;p4;s1;s2;s3;s4;t2;t3;t4;ti2;ti3;ti4;tr1;tr2
1;14.7592;67.4367;0.420589;1.61124;39.0524;0.0027534;12.4581;9.8624;2.83294;0.0850143;1.12395;50.4192;0.362584;23.1788;234.404;0.0429994;0.203788;
10;20.4896;33.2115;0.497861;1.83494;36.068;0.0027534;18.699;12.2717;4.35224;0.0947049;2.61791;104.273;0.398348;31.117;288.955;0.0493523;0.203527;
100;28.0645;46.4114;0.811409;2.65103;40.5114;0.0027534;19.5076;12.3756;5.81712;0.234638;2.50395;113.751;0.534114;39.6973;314.182;0.0554828;0.217861;
1000;26.8785;41.9348;0.806191;2.1637;35.7847;0.0027534;20.8921;14.7667;5.65797;0.179315;4.55842;79.2402;1.04587;33.4582;252.978;0.0604633;0.316304;
