k;j3;j4;p2;p3;p4;s1;s2;s3;s4;t2;t3;t4;ti2;ti3;ti4;tr1;tr2
1;12.0078;89.8095;0.386208;1.265;36.3655;0.0027534;10.8549;7.29533;2.38353;0.0713703;1.09967;82.7276;0.324578;19.2031;