k;j3;j4;p2;p3;p4;s1;s2;s3;s4;t2;t3;t4;ti2;ti3;ti4;tr1;tr2
1;4.98098;4.66788;0.0637591;0.630627;41.4185;0.012135;0.0151998;2.42031;50.8807;0.111792;50.9677
10;6.50664;3.86133;0.0983619;0.760699;43.0178;0.015459;0.0385135;10.5964;102.911;0.182985;62.3967
100;9.7458;3.98776;0.168183;0.946508;43.0307;0.025108;0.085675;25.0645;139.522;0.449453;80.2563
1000;13.9255;4.24726;0.317919;1.32261;43.026;0.072389;0.170938;35.5889;159.028;0.991444;95.4045
