k;j3;j4;p2;p3;p4;s1;s2;s3;s4;t2;t3;t4;ti2;ti3;ti4;tr1;tr2
1;9.84976;72.7984;0.0833944;0.928039;32.0286;0.157991;9.70632;6.88561;2.46682;0.0346298;0.922568;120.538553;0.115969;19.048;427.107;0.0243118;0.11229
10;11.8946;81.9751;0.0883492;1.17974;37.4337;0.176002;10.5973;7.7053;2.67516;0.0555998;1.28658;150.471319;0.152865;22.8976;520.473;0.0302297;0.119881
100;11.9137;88.7358;0.083912;1.13892;41.5868;0.17057;10.3615;7.45058;2.50332;0.0721731;1.48643;162.638809;0.213195;27.7599;521.743556;0.0313187;0.121937
1000;11.9921;93.1179;0.0835202;1.15491;43.0267;0.174599;10.8498;7.67718;2.58533;0.0889434;1.8089;168.453277;0.308245;37.8851;572.756;0.0303894;0.119376
