k;j3;j4;p2;p3;p4;s1;s2;s3;s4;t2;t3;t4;ti2;ti3;ti4;tr1;tr2
1;10.290625;85.734916;12000000000120001362728433241266962110869811091007238456934560406474283523218814083415408640.000000;0.934079;28.139637;0.166780;11.276100;8.140880;2.951405;0.019821;0.493497;93.950006;0.031558;8.469879;378.688845;0.022034;0.108982;
10;11.052440;88.921784;0.140986;1.101747;38.186221;0.182001;12.202837;8.934239;2.895671;0.041580;0.974539;158.536162;0.067583;15.384015;538.965860;0.030420;0.120906;
100;12.722394;98.725001;0.185167;1.254023;50.903818;0.183037;12.261467;8.927251;2.897700;0.066992;1.451401;185.651097;0.138080;27.592866;583.555686;0.033580;0.125380;
1000;13.511656;120.317598;0.249182;1.258097;50.078475;0.182922;12.259454;9.020327;2.909869;0.082414;1.941375;192.587992;0.263268;40.671835;580.081111;0.031093;0.127109;
