k;j3;j4;p2;p3;p4;s1;s2;s3;s4;t2;t3;t4;ti2;ti3;ti4;tr1;tr2
1;1.005;0.207579;0.0905136;0.0921975;2.16885;;;0.009989;;0.0275917;1.86539;4.94968;0.254042;5.04416;324.737;;
10;1.005;0.207579;0.0905136;0.0921975;2.16885;;;0.009989;;0.0275917;1.86539;4.94968;0.254042;5.04416;324.737;;
100;1.005;0.207579;0.0905136;0.0921975;2.16885;;;0.009989;;0.0275917;1.86539;4.94968;0.254042;5.04416;324.737;;
1000;1.005;0.207579;0.0905136;0.0921975;2.16885;;;0.009989;;0.0275917;1.86539;4.94968;0.254042;5.04416;324.737;;