k;j3;j4;p2;p3;p4;s1;s2;s3;s4;t2;t3;t4;ti2;ti3;ti4;tr1;tr2
1;10890;4046.33;87763.9;3362.75;7;;;5504;;6103.17;806;32045;43886.8;2.54372e+06;3.67284e+07;;;
