k;j3;j4;p2;p3;p4;s1;s2;s3;s4;t2;t3;t4;ti2;ti3;ti4;tr1;tr2
1;1.064250;0.221159;0.256917;0.095369;0.366195;0;0;0.010147;0;0.027189;0;5.222277;0.241127;33.529153;0;0;0;
10;1.065393;0.225242;0.094888;0.091838;0.370710;0;0;0.010214;0;0.027005;0;5.250343;0.239822;8.971913;0;0;0;
100;1.063887;0.224332;0.093346;0.091749;0.378167;0;0;0.010122;0;0.026803;0;5.195690;0.239861;9.159193;0;0;0;
1000;1.060805;0.221800;0.093850;0.091725;0.373732;0;0;0.010170;0;0.026929;0;5.220175;0.239434;8.996825;0;0;0;
