k;j3;j4;p2;p3;p4;s1;s2;s3;s4;t2;t3;t4;ti2;ti3;ti4;tr1;tr2
1;46.8763;25.6726;0.311371;5.91467;204.886;0.977132;167.946;700.134;5.49576;435.371;
10;46.9047;25.6002;0.311797;5.8671;205.361;0.975802;168.071;702.301;5.49329;435.386;
100;46.9315;25.5427;0.311192;5.88455;205.079;0.977818;168.364;701.269;5.50248;436.805;
1000;46.6759;25.654;0.311079;5.85862;205.342;0.974737;167.793;697.23;5.49856;435.472;
