k;j3;j4;p2;p3;p4;s1;s2;s3;s4;t2;t3;t4;ti2;ti3;ti4;tr1;tr2
1;9.99542;4.1426;0.0889709;1.14403;52.6225;0.026592;0.0738488;18.832;101.832;0.542734;65.4783
10;10.8223;4.26035;0.0884886;1.18811;56.5614;0.032596;0.0996253;22.6537;146.338;0.637529;66.674
100;12.033;4.82882;0.0879484;1.36042;56.1052;0.045107;0.141902;31.5932;162.205;0.889737;81.3232
1000;15.012;5.18675;0.0867549;1.70002;55.5459;0.063584;0.2348;43.5937;197.729;1.33756;109.882
