k;j3;j4;p2;p3;p4;s1;s2;s3;s4;t2;t3;t4;ti2;ti3;ti4;tr1;tr2
1;4.49268;0.89889;0.196316;0.429598;13.3249;0.018807;0.0586325;6.44699;19.2699;0.584283;27.9868;
10;4.67876;0.886278;0.211647;0.470937;26.4969;0.015718;0.06489;7.10158;20.4582;0.563809;28.6335;
100;4.60583;1.00531;0.212099;0.455385;25.6818;0.015128;0.066282;8.77392;19.4957;0.616218;31.1246;
1000;5.90775;1.46248;0.227128;0.563996;25.8129;0.018042;0.0989208;25.9999;20.3994;0.775668;54.7857;
