k;j3;j4;p2;p3;p4;s1;s2;s3;s4;t2;t3;t4;ti2;ti3;ti4;tr1;tr2
1;9.14554;68.442;0.0827248;0.922543;29.901;0.155117;8.52482;6.15026;2.33126;0.0361779;0.975947;117.339;0.127166;19.1116;428.344;0.0210803;0.0999527;
10;9.91223;73.6507;0.137312;1.05173;33.9143;0.16466;9.20553;6.5795;2.38492;0.0561952;1.27713;142.612;0.165904;22.2462;499.302;0.0270528;0.108123;
100;10.7451;81.3255;0.180921;1.11418;38.5345;0.166232;9.19894;6.66335;2.39106;0.0776887;1.50333;153.923;0.236621;27.4369;514.826;0.027826;0.111809;
1000;10.9919;86.6008;0.25819;1.14629;38.7305;0.166323;9.18739;6.65544;2.3785;0.0901178;1.77609;155.841;0.337413;35.4573;520.135;0.0277755;0.111544;
