k;j3;j4;p2;p3;p4;s1;s2;s3;s4;t2;t3;t4;ti2;ti3;ti4;tr1;tr2
1;10.839951;85.849767;0.061673;0.977596;29.356567;0.163920;12.188245;9.199789;3.271219;0.019649;0.501376;100.224505;0.031066;9.047085;410.847138;0.020304;0.108008;
10;11.504208;89.109659;0.140260;1.140084;39.208233;0.176451;12.897454;9.304533;3.101838;0.042912;1.050779;170.341593;0.070773;16.793480;581.122408;0.028538;0.123180;
100;14.041258;99.195220;0.175233;1.236917;51.590979;0.179185;12.745336;9.551706;3.100371;0.070771;1.595159;199.347653;0.159117;31.440450;625.468086;0.028967;0.126043;
1000;14.021540;119.100880;0.268906;1.325628;52.347000;0.179067;12.966492;9.838208;3.097917;0.087226;2.111852;200.510414;0.287012;44.203340;621.699622;0.029084;0.127631;
