k;j3;j4;p2;p3;p4;s1;s2;s3;s4;t2;t3;t4;ti2;ti3;ti4;tr1;tr2
1;2.438e-05;3.486e-05;1.43967e-05;2.186e-05;3.898e-05;17.0869;2.612e-05;2.62e-05;2.914e-05;1.166e-05;2.204e-05;4.50638e-05;1.33e-05;2.526e-05;6.82193e-05;1.214e-05;1.248e-05;
10;12.6647;40.6835;0.0643536;1.72141;17.0483;17.0869;15.9476;10.1302;4.92517;0.0137619;1.09904;58.162;0.0267573;8.24014;438.125;0.0418029;0.251253;
100;19.6438;63.8764;0.20895;1.61525;46.5742;17.0869;16.659;10.5245;5.30319;0.0837164;1.34319;54.1748;0.105706;9.62323;504.721;0.0582871;0.267106;
1000;22.0741;75.5354;0.22535;2.04813;79.7381;17.0869;16.7895;11.1129;5.41765;0.170305;2.2406;95.7179;0.244294;53.9719;