k;j3;j4;p2;p3;p4;s1;s2;s3;s4;t2;t3;t4;ti2;ti3;ti4;tr1;tr2
1;1.78515;13.006;0.004739;0.119723;3.69965;0.0162962;1.27524;1.56129;0.25156;0.00216024;0.0512553;93.1517;0.00416374;1.59216;51.32;0.002632;0.0109613
10;2.98142;23.5148;0.0321449;0.488685;8.47925;0.04729;3.52567;2.34289;0.962369;0.00875874;0.225076;111.408;0.0148874;2.74662;177.048;0.0083497;0.0344394
100;3.87169;26.9145;0.0472078;0.400996;14.1911;0.0627325;3.56538;2.39339;0.967987;0.0262517;0.333378;123.516;0.0381834;5.49918;207.611;0.00935392;0.0355623
1000;4.14403;33.7753;0.0592615;0.426663;14.8898;0.063608;3.57695;2.40094;0.970673;0.0308818;0.790052;131.8;0.0997705;14.8151;313.813;0.00980558;0.0405662
