k;j3;j4;p2;p3;p4;s1;s2;s3;s4;t2;t3;t4;ti2;ti3;ti4;tr1;tr2
1;4.43316;29.9153;0.15894;0.450612;13.3634;0;3.23986;2.05632;0.882912;0.0475499;0.736006;454.928;0.254873;17.2187;755.108;0.00891162;0.0377921;
10;4.44235;29.5882;0.157511;0.449635;13.2083;0;3.16052;2.05435;0.881289;0.0476369;0.728574;452.57;0.241774;16.6373;751.424;0.00877432;0.0361681;
100;4.42488;29.6515;0.150906;0.428327;13.3408;0;3.20932;2.11197;0.882846;0.04299;0.721247;452.656;0.237986;16.098;745.286;0.00869792;0.0362712;
1000;4.54555;29.543;0.151058;0.43118;13.4112;0;3.17989;2.10411;0.877394;0.0432182;0.716547;454.812;0.238007;16.3019;750.374;0.00867902;0.0361437;
