k;j3;j4;p2;p3;p4;s1;s2;s3;s4;t2;t3;t4;ti2;ti3;ti4;tr1;tr2
1;1.775454;13.206313;0.004827;0.120421;3.678076;0.016447;1.271730;1.509558;0.252332;0.002281;0.051595;32.089901;0.004204;1.601318;49.689379;0.002730;0.011009
10;2.918816;21.636647;0.032169;0.334759;8.361303;0.047376;3.501932;2.251031;0.963881;0.007004;0.225367;43.350632;0.014960;2.721078;162.152482;0.008426;0.034690
100;3.937842;27.187979;0.047833;0.401433;14.598887;0.062943;3.482292;2.405453;0.972876;0.026414;0.334948;59.756008;0.038277;5.466317;185.806196;0.009512;0.035960
1000;4.132802;33.403438;0.059882;0.426954;14.788990;0.063910;3.515235;2.402522;0.974486;0.031161;0.794964;62.189098;0.097764;13.889571;201.585601;0.009839;0.040456
