k;j3;j4;p2;p3;p4;s3;t2;t3;t4;ti2;ti3;ti4
1;4.59361;3.67824;0.0745148;0.682522;38.9279;0.013119;0.0177543;2.31696;65.2443;0.127327;46.1055
10;5.95186;3.84048;0.115573;0.819149;41.1838;0.0248;0.0445202;9.35583;133.549;0.200653;49.5496
100;8.68105;4.06401;0.190373;1.02513;41.2558;0.039658;0.0934463;21.0007;178.127;0.449428;68.6926
1000;12.2266;4.21557;0.345183;1.37041;41.257;0.064115;0.176565;28.7017;201.732;0.936871;81.315
