k;j3;j4;p2;p3;p4;s1;s2;s3;s4;t2;t3;t4;ti2;ti3;ti4;tr1;tr2
1;5.27969;3.40227;0.0684803;0.676999;39.2859;0.0144385;0.0189017;4.07795;72.4672;0.109796;40.1561;
10;7.14402;4.08153;0.136019;1.40275;42.0472;0.023345;0.0452786;10.5973;127.98;0.194697;49.1583;
100;10.0177;3.93743;0.19988;1.09141;41.7135;0.0319235;0.102133;22.8551;175.157;0.435482;66.1198;
1000;12.8782;4.15407;0.328243;1.41149;41.4867;0.0643635;0.186575;28.8383;203.659;0.954546;79.6565;
