k;j3;j4;p2;p3;p4;s3;t2;t3;t4;ti2;ti3;ti4
1;22.4815;17.6764;0.936092;4.09428;128.759;0.601173;97.8356;698.211;3.08646;266.724
10;23.4588;17.6508;0.93806;4.08506;128.426;0.600406;97.4478;700.041;3.09596;266.578
100;27.4529;17.6105;0.949546;4.08293;128.804;0.601253;97.5168;700.247;3.09499;265.759
1000;40.193;17.6293;0.974917;4.08387;128.639;0.599602;98.8865;698.63;3.09246;266.372

