k;j3;j4;p2;p3;p4;s1;s2;s3;s4;t2;t3;t4;ti2;ti3;ti4;tr1;tr2
1;24.3595;0.0475707;
10;27.3893;0.0671933;
100;39.3572;0.133413;
1000;77.568;0.301523;
