k;j3;j4;p2;p3;p4;s1;s2;s3;s4;t2;t3;t4;ti2;ti3;ti4;tr1;tr2
1;0.242348;0.502272;0.000795;0.355185;13.121300;0;0;0.000305;0;0.000416;0;0.002318;0.015167;11.754158;0;0;0
10;0.270761;0.582382;0.004907;0.654282;86.134000;0;0;0.001118;0;0.008853;0;0.099441;0.023961;17.093427;0;0;0
100;0.963412;7.499513;0.045428;11.230812;170.682000;0;0;0.018654;0;0.320391;0;0.264238;0.100299;18.947585;0;0;0
1000;7.743086;25.971900;0.298177;1.904387;88.174100;0;0;0.107217;0;0.613254;0;5.773175;1.307558;43.745048;0;0;0
