k;j3;j4;p2;p3;p4;s3;t2;t3;t4;ti2;ti3
1;0.235327;0.43352;0.000692375;0.317437;10.1333;0.000254;0.000284667;0.000521;0.0017055;0.013619;10.7948;10.4717
10;0.24999;0.51486;0.00459356;0.577034;76.0635;0.00101;0.00804233;0.007631;0.085104;0.0239662;15.3455;12.4432
100;0.94034;6.57678;0.0424621;0.950264;78.6054;0.010088;0.299864;2.63907;0.243461;0.0938233;17.7133
1000;7.03642;23.0829;0.27248;1.72405;80.4589;0.092924;0.548468;4.82962;1.16399;40.2647
