k;j3;j4;p2;p3;p4;s1;s2;s3;s4;t2;t3;t4;ti2;ti3;ti4;tr1;tr2
1;3.66502;25.7891;0.108164;0.383949;11.0249;0.055662;3.18228;2.31973;0.748246;0.0225132;0.359382;28.8192;0.110529;7.58571;133.799295;0.00899794;0.0409355
10;5.45022;32.109;0.127445;0.506822;17.604;0.0719002;4.84093;3.35853;1.25709;0.0274312;0.508887;43.3402;0.118219;10.8955;234.470432;0.0121839;0.0535281
100;5.78653;32.9091;0.140339;0.549686;19.8985;0.0806154;4.99155;3.47598;1.26323;0.0427306;0.626696;250.325;0.147384;11.3484;251.2757;0.0128686;0.055026
1000;6.26131;46.5026;0.153456;0.588236;19.9742;0.0796926;4.96312;3.61791;1.26202;0.0491716;1.0158;83.4002;0.205423;20.7215;1170.90205;0.0128397;0.0561003
