k;j3;j4;p2;p3;p4;s1;s2;s3;s4;t2;t3;t4;ti2;ti3;ti4;tr1;tr2
1;3.37744;22.5137;0.0971294;0.343795;10.0549;0.0517122;