k;j3;j4;p2;p3;p4;s1;s2;s3;s4;t2;t3;t4;ti2;ti3;ti4;tr1;tr2
1;3.647998;25.043426;0.107818;0.370083;10.979317;0.055293;3.119988;2.289209;0.748814;0.022615;0.359271;26.991597;0.110591;7.265562;125.620718;0.009083;0.041783
10;5.421678;31.430633;0.126690;0.502453;17.609487;0.072441;4.826233;3.515114;1.273659;0.027922;0.509025;42.132507;0.119541;8.720485;231.243239;0.012320;0.054402;
100;5.815734;33.455459;0.137855;0.546329;19.931312;0.080242;4.882320;3.576323;1.259780;0.042840;0.624377;77.627018;0.147454;11.173273;251.004665;0.013006;0.054619;
1000;6.125378;46.810140;0.150706;0.584579;20.142601;0.081411;4.875370;3.583337;1.260572;0.048058;0.979564;82.741194;0.204438;20.746807;263.637503;0.013057;0.060190;
