k;j3;j4;p2;p3;p4;s1;s2;s3;s4;t2;t3;t4;ti2;ti3;ti4;tr1;tr2
1;12.0795;3.97281;0.132801;1.05424;56.4932;0.013553;0.043535;21.2192;105.779;0.418862;69.1494;
10;13.3287;4.08262;0.214025;1.1223;63.575;0.01639;0.0857932;27.2883;148.415;0.567206;77.9164;
100;15.4192;4.64112;0.299462;1.43955;60.0342;0.021757;0.12359;38.5135;173.208;0.805662;96.9327;
1000;20.9851;5.24512;0.400526;1.78442;59.5388;0.035364;0.2428;55.0966;219.123;1.34469;134.171;
