k;j3;j4;p2;p3;p4;s3;t2;t3;t4;ti2;ti3;ti4
1;10.3086;4.22538;0.0814463;1.08465;50.901;0.024362;0.0759192;21.3774;83.0033;0.563988;68.9933
10;10.7597;4.30348;0.105142;1.1829;53.8673;0.03046;0.0994678;25.345;118.965;0.664612;69.6731
100;12.44;4.84529;0.208183;1.31851;54.8865;0.042027;0.143288;34.7444;130.685;0.93731;84.3365
1000;15.3511;4.97744;0.449936;1.63313;54.763;0.059939;0.240736;47.5352;160.253;1.42337;113.307
